domaine,chemin,candidat_tunnel,utilisateurs,sessions,pages_vues,variantes_brutes,flux_de_donnees
app.elsee.care,/signup/depenses_complements,true,204,205,256,1,5410834627
app.elsee.care,/signup,true,186,187,214,1,5410834627
app.elsee.care,/signup/montant_complements,true,182,183,257,1,5410834627
app.elsee.care,/signup/network_complements,true,180,181,249,1,5410834627
app.elsee.care,/signup/recap_marques,true,139,140,168,1,5410834627
app.elsee.care,/mon-offre,true,139,150,193,1,5410834627
app.elsee.care,/signup/sante_mentale_seances,true,112,112,124,1,5410834627
app.elsee.care,/remboursements,true,107,125,341,1,5410834627
app.elsee.care,/signup/medecine_douce_step,true,107,107,116,1,5410834627
app.elsee.care,/signup/md_seances,true,107,107,119,1,5410834627
app.elsee.care,/signup/soins_seances,true,107,107,124,1,5410834627
app.elsee.care,/signup/montant_medecine_douce,true,101,101,116,1,5410834627
app.elsee.care,/signup/depenses_sports,true,98,98,131,1,5410834627
app.elsee.care,/signup/depenses_produit,true,96,96,122,1,5410834627
app.elsee.care,/signup/depenses_app,true,96,97,110,1,5410834627
app.elsee.care,/signup/offre_en_preparation,true,96,97,107,1,5410834627
app.elsee.care,/signup/sport_step,true,95,95,99,1,5410834627
app.elsee.care,/signup/depenses_complements_step,true,91,91,101,1,5410834627
app.elsee.care,/signup/final_step,true,91,92,102,1,5410834627
app.elsee.care,/signup/montant_soins,true,89,89,98,1,5410834627
app.elsee.care,/signup/prete_a-changer,true,86,86,91,1,5410834627
app.elsee.care,/signup/network_info,true,84,84,90,1,5410834627
app.elsee.care,/signup/out_of_network_sport,true,81,81,90,1,5410834627
app.elsee.care,/signup/network_sport,true,81,81,112,1,5410834627
app.elsee.care,/signup/out_of_network_produit,true,75,76,84,1,5410834627
app.elsee.care,/signup/network_produit,true,73,73,99,1,5410834627
www.elsee.care,/offres-remboursement-elsee,true,69,71,74,1,5410834627
app.elsee.care,/signup/montant_sante_mentale,true,65,65,72,1,5410834627
app.elsee.care,/mon-panier,true,63,67,88,1,5410834627
app.elsee.care,/social_signup,true,52,54,61,1,5410834627
app.elsee.care,/signup/sante_mentale_step,true,47,47,48,1,5410834627
app.elsee.care,/signup/out_of_network_app,true,44,45,56,1,5410834627
app.elsee.care,/signup/recap_remboursements,true,43,44,54,1,5410834627
app.elsee.care,/signup/bonus-abonnement,true,42,43,52,1,5410834627
www.elsee.care,/obtenir-mon-offre,true,41,43,55,1,5410834627
app.elsee.care,/offres,true,37,41,46,1,5410834627
app.elsee.care,/signup/bilan,true,35,36,43,1,5410834627
app.elsee.care,/signup/en_savoir_plus_sur_vous,true,22,22,30,1,5410834627
app.elsee.care,/pricing/cartecadeau,true,13,13,15,1,5410834627
www.elsee.care,/bienvenue-chez-elsee,true,5,5,5,1,5410834627
www.elsee.care,/remboursement-endometriose,true,4,4,5,1,5410834627
app.elsee.care,/signup-corpo,true,3,3,7,1,5410834627
app.elsee.care,/signup/preparation-offre,true,1,1,2,1,5410834627
app.elsee.care,/signup_social,true,1,1,2,1,5410834627
www.elsee.care,/remboursement-complements-alimentaires,true,1,1,1,1,5410834627
app.elsee.care,/home,false,105,119,211,1,5410834627
app.elsee.care,/login,false,97,103,137,1,5410834627
app.elsee.care,/envoyer-ma-facture,false,84,95,168,1,5410834627
www.elsee.care,/,false,72,79,104,1,5410834627
app.elsee.care,/,false,69,83,129,1,5410834627
www.elsee.care,/lannuaire-des-partenaires-elsee,false,62,76,305,1,5410834627
app.elsee.care,/reglages,false,53,64,166,1,5410834627
app.elsee.care,/demande,false,37,40,120,1,5410834627
app.elsee.care,/historique-de-remboursements,false,29,31,75,1,5410834627
www.elsee.care,/reseau-elsee,false,20,20,25,1,5410834627
www.elsee.care,/avantages,false,20,22,23,1,5410834627
app.elsee.care,/pro/dashboard,false,17,18,83,1,5410834627
app.elsee.care,/signin_freemium,false,17,19,23,1,5410834627
app.elsee.care,/infos_bancaires,false,13,14,25,1,5410834627
app.elsee.care,/homefirstvisit,false,12,13,14,1,5410834627
app.elsee.care,/mon_profil,false,11,11,12,1,5410834627
www.elsee.care,/troubles-feminins,false,10,10,12,1,5410834627
app.elsee.care,/success,false,9,10,21,1,5410834627
app.elsee.care,/passwordrecovery,false,8,8,11,1,5410834627
app.elsee.care,/signin_selection,false,8,8,13,1,5410834627
www.elsee.care,/bien-etre,false,8,8,8,1,5410834627
app.elsee.care,/login_freemium,false,7,7,9,1,5410834627
www.elsee.care,/devenir-therapeute-elsee,false,6,8,13,1,5410834627
www.elsee.care,/mon-bilan-elsee,false,6,6,6,1,5410834627
app.elsee.care,/formulaire-therapeute,false,6,6,7,1,5410834627
www.elsee.care,/programme/jody,false,5,5,5,1,5410834627
app.elsee.care,/therapistsettingsabout,false,5,5,10,1,5410834627
www.elsee.care,/marques/laboratoire-des-granions,false,4,5,5,1,5410834627
www.elsee.care,/marques/nutripure-via-simplycure,false,4,4,4,1,5410834627
app.elsee.care,/addformation,false,4,4,29,1,5410834627
app.elsee.care,/therapist/settings/work_infos,false,4,4,10,1,5410834627
www.elsee.care,/programme/lucis,false,4,5,6,1,5410834627
www.elsee.care,/label-therapeute,false,4,4,4,1,5410834627
www.elsee.care,/marques/gyneika,false,4,4,4,1,5410834627
app.elsee.care,/blogpostcategory,false,4,5,8,1,5410834627
app.elsee.care,/therapist/settings/settings_label,false,3,3,6,1,5410834627
app.elsee.care,/formulaire-therapeute-job,false,3,3,4,1,5410834627
www.elsee.care,/menopause,false,3,3,3,1,5410834627
www.elsee.care,/programme/annette,false,3,3,3,1,5410834627
app.elsee.care,/form/login,false,3,3,3,1,5410834627
www.elsee.care,/marques/supersmart,false,3,3,3,1,5410834627
app.elsee.care,/parrainage,false,3,3,3,1,5410834627
www.elsee.care,/programme/resil-io-health,false,3,3,3,1,5410834627
www.elsee.care,/longevite,false,3,3,3,1,5410834627
www.elsee.care,/marques/lunaa,false,3,3,3,1,5410834627
www.elsee.care,/marques/sunday-natural,false,3,4,4,1,5410834627
www.elsee.care,/salles-de-sport/le-merlan-avenue-prosper-merimee,false,2,2,2,1,5410834627
www.elsee.care,/salles-de-sport/gaillard,false,2,2,2,1,5410834627
app.elsee.care,/formulaire-program-merci,false,2,2,2,1,5410834627
www.elsee.care,/marques/cellula-pharm,false,2,2,2,1,5410834627
www.elsee.care,/marques/imane-harmonie,false,2,2,2,1,5410834627
www.elsee.care,/programme/mon-anneau-gastrique-virtuel,false,2,2,3,1,5410834627
www.elsee.care,/marques/raissadora,false,2,2,2,1,5410834627
www.elsee.care,/salles-de-sport/saint-clement-de-riviere,false,2,2,2,1,5410834627
www.elsee.care,/marques/nutryn,false,2,2,3,1,5410834627
www.elsee.care,/salles-de-sport/yoze-maubert-mutualite,false,2,2,2,1,5410834627
www.elsee.care,/marques/jolly-mama,false,2,2,2,1,5410834627
www.elsee.care,/marques/nutri-co,false,2,2,2,1,5410834627
www.elsee.care,/marques/elan-healthcare,false,2,2,2,1,5410834627
www.elsee.care,/marques/dijo,false,2,2,2,1,5410834627
www.elsee.care,/praticiens/adeline-paolini,false,2,2,2,1,5410834627
www.elsee.care,/praticiens/massages-bien-etre-julie-belhache,false,2,2,2,1,5410834627
www.elsee.care,/marques/ellune,false,2,2,2,1,5410834627
www.elsee.care,/marques/mira-care,false,2,2,2,1,5410834627
www.elsee.care,/annuaire-du-sport/basic-fit,false,2,2,2,1,5410834627
www.elsee.care,/programme/hajime-yoga,false,2,2,2,1,5410834627
www.elsee.care,/salles-de-sport/strasbourg-illkirch,false,2,2,2,1,5410834627
www.elsee.care,/praticiens/osteopathe-mylene-couto,false,2,2,2,1,5410834627
www.elsee.care,/annuaire-du-sport/spark-club,false,2,2,2,1,5410834627
www.elsee.care,/salles-de-sport/rue-du-18-juin,false,2,2,2,1,5410834627
www.elsee.care,/lemag/dereglement-hormonal-apres-ivg,false,2,2,2,1,5410834627
app.elsee.care,/content,false,2,2,4,1,5410834627
www.elsee.care,/ressources/ce-que-vous-pouvez-vous-faire-rembourser-pour-mieux-vivre-avec-le-sopk,false,2,2,2,1,5410834627
www.elsee.care,/praticiens/dieteticien-ne--sophie-dujardin,false,2,2,2,1,5410834627
www.elsee.care,/programme/mindday,false,2,2,2,1,5410834627
www.elsee.care,/marques/emancipees-le-shop,false,2,2,2,1,5410834627
appelsee-2k24.firebaseapp.com,/,false,2,2,2,1,5410834627
www.elsee.care,/salles-de-sport/avenue-de-la-marne,false,1,1,1,1,5410834627
www.elsee.care,/salles-de-sport/avenue-saint-augustin,false,1,1,1,1,5410834627
app.elsee.care,/form/signin_selection,false,1,1,2,1,5410834627
www.elsee.care,/marques/simplycure-marketplace,false,1,1,1,1,5410834627
www.elsee.care,/salles-de-sport/chemin-des-genets,false,1,1,1,1,5410834627
app.elsee.care,/label-therapeute,false,1,1,1,1,5410834627
www.elsee.care,/marques/biocalma,false,1,1,1,1,5410834627
app.elsee.care,/formulaire-programme-presentation,false,1,1,1,1,5410834627
www.elsee.care,/marques/herbalgem-via-simplycure,false,1,1,1,1,5410834627
www.elsee.care,/marques/valbiotis,false,1,1,1,1,5410834627
www.elsee.care,/salles-de-sport/centre-commercial-grand-large,false,1,1,1,1,5410834627
www.elsee.care,/marques/oemine,false,1,1,1,1,5410834627
www.elsee.care,/marques/santarome,false,1,1,1,1,5410834627
www.elsee.care,/marques/dulcis-health-science,false,1,1,1,1,5410834627
www.elsee.care,/praticiens/kinesiologue-aluna-spirit,false,1,1,1,1,5410834627
app.elsee.care,/addaddress,false,1,1,2,1,5410834627
www.elsee.care,/salles-de-sport/avenue-saint-jean,false,1,1,1,1,5410834627
www.elsee.care,/marques/mindology,false,1,1,1,1,5410834627
app.elsee.care,/therapistformthankyou,false,1,1,1,1,5410834627
www.elsee.care,/praticiens/praticien-ne-en-drainage-lymphatique-manuel-jennifer-metai,false,1,1,1,1,5410834627
app.elsee.care,/therapistsettingscab,false,1,1,1,1,5410834627
www.elsee.care,/programme/oly-be---yoga-pilates,false,1,2,3,1,5410834627
www.elsee.care,/annuaire-du-sport/lazen,false,1,1,1,1,5410834627
www.elsee.care,/marques/isis-superfood,false,1,1,1,1,5410834627
www.elsee.care,/praticiens/william-kadmiry,false,1,1,1,1,5410834627
www.elsee.care,/marques/osilab,false,1,1,1,1,5410834627
www.elsee.care,/marques/dynveo,false,1,1,1,1,5410834627
www.elsee.care,/annuaire-du-sport/peacock,false,1,1,1,1,5410834627
www.elsee.care,/fertilite,false,1,1,1,1,5410834627
www.elsee.care,/salles-de-sport/swedish-fit---nantes-ecole-sainte--madeleine,false,1,1,1,1,5410834627
www.elsee.care,/programme/bouge-ta-sante,false,1,1,1,1,5410834627
www.elsee.care,/praticiens/hypnotherapeute-aurelia-cerveau,false,1,1,1,1,5410834627
www.elsee.care,/marques/be-healthy,false,1,1,1,1,5410834627
www.elsee.care,/praticiens/praticien-ne-en-drainage-lymphatique-manuel-vanessa-arete,false,1,1,1,1,5410834627
www.elsee.care,/avis,false,1,1,1,1,5410834627
www.elsee.care,/salles-de-sport/boulevard-de-leurope,false,1,1,1,1,5410834627
www.elsee.care,/marques/day,false,1,1,1,1,5410834627
www.elsee.care,/salles-de-sport/cryotherapie-atlantis,false,1,1,1,1,5410834627
www.elsee.care,/salles-de-sport/swedish-fit---nantes-blanche-de-castille---salle-de-motricite,false,1,1,1,1,5410834627
www.elsee.care,/marques/humble,false,1,1,1,1,5410834627
www.elsee.care,/praticiens/osteopathe-laura-burgio,false,1,1,1,1,5410834627
www.elsee.care,/marques/greenwhey,false,1,1,1,1,5410834627
www.elsee.care,/marques/french-mush,false,1,1,1,1,5410834627
www.elsee.care,/lemag/menopause-et-douleurs-intestinales-comprendre-et-soulager-les-symptomes,false,1,1,1,1,5410834627
www.elsee.care,/marques/symp,false,1,1,1,1,5410834627
www.elsee.care,/marques/sova,false,1,1,1,1,5410834627
www.elsee.care,/praticiens/sophrologue-betty-nicolas,false,1,2,2,1,5410834627
www.elsee.care,/salles-de-sport/rue-de-la-chapelle,false,1,1,1,1,5410834627
www.elsee.care,/praticiens/massages-bien-etre-sabrina-cohen,false,1,1,1,1,5410834627
www.elsee.care,/marques/miye,false,1,1,1,1,5410834627
www.elsee.care,/salles-de-sport/120-avenue-eiffel,false,1,1,1,1,5410834627
www.elsee.care,/marques/makemymask,false,1,1,1,1,5410834627
www.elsee.care,/salles-de-sport/rue-jean-monnet-d2577,false,1,1,1,1,5410834627
www.elsee.care,/salles-de-sport/avenue-du-8-mai-1945,false,1,1,1,1,5410834627
www.elsee.care,/salles-de-sport/13-rue-saveur-tobelem,false,1,1,1,1,5410834627
www.elsee.care,/salles-de-sport/2-avenue-gabriel-peri,false,1,1,1,1,5410834627
www.elsee.care,/annuaire-du-sport/now-reformer,false,1,1,1,1,5410834627
elsee-v-0.webflow.io,/devenir-therapeute-elsee,false,1,5,9,1,5410834627
elsee-v-0.webflow.io,/,false,1,1,1,1,5410834627
www.elsee.care,/salles-de-sport/de-la-division-leclerc,false,1,1,1,1,5410834627
www.elsee.care,/salles-de-sport/avenue-paul-raoult,false,1,1,1,1,5410834627
www.elsee.care,/marques/cyclee,false,1,1,1,1,5410834627
app.elsee.care,/pro/login,false,1,1,2,1,5410834627
www.elsee.care,/ressources/le-guide-elsee,false,1,1,1,1,5410834627
www.elsee.care,/marques/la-fourche,false,1,1,1,1,5410834627
www.elsee.care,/praticiens/shiatsu-celine-desoomer,false,1,1,1,1,5410834627
www.elsee.care,/salles-de-sport/paris-12,false,1,1,1,1,5410834627
www.elsee.care,/praticiens/dieteticien-ne--marie-samulewicz,false,1,1,1,1,5410834627
www.elsee.care,/salles-de-sport/route-de-lavaur,false,1,1,1,1,5410834627
www.elsee.care,/programme/programme-aura---premenopause,false,1,1,1,1,5410834627
www.elsee.care,/marques/neoflo,false,1,1,1,1,5410834627
www.elsee.care,/lemag/temoignage-sarah-1320eu-rembourses-pour-ses-soins-lies-au-sopk,false,1,1,1,1,5410834627
www.elsee.care,/praticiens/domy,false,1,1,1,1,5410834627
www.elsee.care,/salles-de-sport/rue-cote-cabiche,false,1,1,1,1,5410834627
www.elsee.care,/programme/ainoha,false,1,1,1,1,5410834627
www.elsee.care,/praticiens/shiatsu-celine-boisnard,false,1,1,2,1,5410834627
www.elsee.care,/praticiens/shiatsu-nathalie-tarault,false,1,1,1,1,5410834627
www.elsee.care,/marques/mabel,false,1,1,1,1,5410834627
www.elsee.care,/annuaire-du-sport/endosport,false,1,1,1,1,5410834627
www.elsee.care,/salles-de-sport/rue-lucien-galtier,false,1,1,1,1,5410834627
www.elsee.care,/praticiens/praticien-ne-en-drainage-lymphatique-manuel-alexandra-desnoyer,false,1,1,1,1,5410834627
www.elsee.care,/salles-de-sport/avenue-de-binghamton,false,1,1,1,1,5410834627
www.elsee.care,/praticiens/micronutritionniste-anne-cecile-dazas,false,1,1,3,1,5410834627
www.elsee.care,/salles-de-sport/rue-de-lindustrie,false,1,1,1,1,5410834627
www.elsee.care,/praticiens/shiatsu-nicolas-goubaux,false,1,1,1,1,5410834627
www.elsee.care,/marques/hologie,false,1,1,1,1,5410834627
www.elsee.care,/salles-de-sport/rue-de-la-noue,false,1,1,1,1,5410834627
www.elsee.care,/marques/symphea,false,1,1,1,1,5410834627
www.elsee.care,/marques/libella-socks,false,1,1,1,1,5410834627
www.elsee.care,/marques/de-aurea,false,1,1,1,1,5410834627
www.elsee.care,/marques/naturamedicatrix,false,1,1,1,1,5410834627
www.elsee.care,/marques/mushngo,false,1,1,1,1,5410834627
www.elsee.care,/marques/laboratoires-novexpert,false,1,1,1,1,5410834627
www.elsee.care,/marques/dose-mindcare,false,1,1,1,1,5410834627
www.elsee.care,/marques/boome,false,1,1,1,1,5410834627
www.elsee.care,/marques/epycure-laboratoire,false,1,1,1,1,5410834627
www.elsee.care,/marques/equilibrist,false,1,1,1,1,5410834627
www.elsee.care,/marques/lazi,false,1,1,1,1,5410834627
www.elsee.care,/marques/siho,false,1,1,1,1,5410834627
www.elsee.care,/carte-cadeau,false,1,1,1,1,5410834627
www.elsee.care,/praticiens/dieteticien-ne--camille-paillard,false,1,1,2,1,5410834627
www.elsee.care,/annuaire-du-sport/my-big-bang,false,1,1,1,1,5410834627
www.elsee.care,/marques/ainoha,false,1,1,1,1,5410834627
www.elsee.care,/marques/mona-haven,false,1,1,1,1,5410834627
www.elsee.care,/marques/miniweight,false,1,1,1,1,5410834627
www.elsee.care,/marques/dyna,false,1,1,1,1,5410834627
www.elsee.care,/marques/owi,false,1,1,1,1,5410834627
www.elsee.care,/salles-de-sport/place-des-vosges,false,1,1,1,1,5410834627
www.elsee.care,/praticiens/micronutritionniste-maud-baklouti,false,1,1,1,1,5410834627
app.elsee.care,/formulaire-therapeute-label,false,1,1,6,1,5410834627
www.elsee.care,/lemag/bien-vivre-sa-menopause-avec-le-yoga,false,1,1,1,1,5410834627
www.elsee.care,/annuaire-du-sport/the-pilates-project,false,1,1,1,1,5410834627
www.elsee.care,/praticiens/yoga-therapeute-marine-mathieu,false,1,1,1,1,5410834627
www.elsee.care,/marques/house-house-of-freia,false,1,1,1,1,5410834627
www.elsee.care,/marques/terraphy,false,1,1,1,1,5410834627
www.elsee.care,/praticiens/naturopathe-lea-sion,false,1,1,1,1,5410834627
www.elsee.care,/praticiens/sophrologue-corinne-mocaer,false,1,1,1,1,5410834627
www.elsee.care,/annuaire-du-sport/sore,false,1,1,1,1,5410834627
www.elsee.care,/annuaire-du-sport/jeen-plus,false,1,1,1,1,5410834627
www.elsee.care,/salles-de-sport/allee-des-atlantes,false,1,1,1,1,5410834627
www.elsee.care,/marques/lepivits,false,1,1,1,1,5410834627
www.elsee.care,/marques/sister-feel,false,1,3,3,1,5410834627
www.elsee.care,/salles-de-sport/efficience,false,1,1,1,1,5410834627
www.elsee.care,/praticiens/acupuncteur-trice--sylvie-leite,false,1,1,1,1,5410834627
www.elsee.care,/marques/joista,false,1,1,1,1,5410834627
www.elsee.care,/marques/betteroption,false,1,1,1,1,5410834627
www.elsee.care,/lemag/les-bienfaits-de-loeuf-de-yoni-pour-la-menopause,false,1,1,1,1,5410834627
www.elsee.care,/marques/laboratoires-enova,false,1,1,1,1,5410834627
www.elsee.care,/salles-de-sport/ladies,false,1,1,1,1,5410834627
www.elsee.care,/marques/laboratoires-nutrilab,false,1,1,1,1,5410834627
www.elsee.care,/salles-de-sport/8-rue-de-nevers,false,1,1,1,1,5410834627
www.elsee.care,/marques/wellcare,false,1,1,1,1,5410834627
www.elsee.care,/praticiens/dieteticien-mathilde-gouvernet,false,1,1,1,1,5410834627
www.elsee.care,/salles-de-sport/rue-du-chablais,false,1,1,1,1,5410834627
www.elsee.care,/programme/mieux-vivre-sa-perimenopause,false,1,1,1,1,5410834627
www.elsee.care,/marques/bemum,false,1,1,1,1,5410834627
helloelsee.outgrow.us,/copy-of-helloelsee-5-1,false,1,1,1,1,5410834627
www.elsee.care,/marques/rebiirth-r,false,1,1,1,1,5410834627
app.elsee.care,/pro/signin_selection,false,1,1,1,1,5410834627
www.elsee.care,/salles-de-sport/avenue-morane-saulnier,false,1,1,1,1,5410834627
www.elsee.care,/annuaire-du-sport/dexascan-fr,false,1,1,1,1,5410834627
www.elsee.care,/praticiens/conseiller-ere-en-naturopathie-marjorie-decloquement,false,1,1,1,1,5410834627
www.elsee.care,/obtenir-label,false,1,1,1,1,5410834627
www.elsee.care,/le-reseau-elsee,false,1,1,1,1,5410834627
www.elsee.care,/praticiens/reflexologue-myriam-ballus,false,1,1,1,1,5410834627
www.elsee.care,/salles-de-sport/rue-saint-desire,false,1,1,1,1,5410834627
www.elsee.care,/marques/forevea,false,1,1,1,1,5410834627
www.elsee.care,/marques/keyolia,false,1,1,1,1,5410834627
www.elsee.care,/le-mag-elsee/bien-etre,false,1,1,1,1,5410834627
app.elsee.care,/form/signin,false,1,1,1,1,5410834627
www.elsee.care,/praticiens/shiatsu-emmanuel-paula,false,1,1,1,1,5410834627
www.elsee.care,/annuaire-du-sport/o-bonheur-des-bulles,false,1,1,1,1,5410834627
www.elsee.care,/questions-mutuelle-medecine-douce,false,1,1,1,1,5410834627
www.elsee.care,/marques/laboratoires-uma,false,1,2,3,1,5410834627
www.elsee.care,/praticiens/praticien-ne-en-drainage-lymphatique-manuel-charlotte-huber,false,1,1,1,1,5410834627
www.elsee.care,/marques/equilibre,false,1,1,1,1,5410834627
www.elsee.care,/salles-de-sport/rue-hippolyte-kahn,false,1,1,1,1,5410834627
www.elsee.care,/praticiens/psychogenealogiste-isabelle-mai,false,1,1,1,1,5410834627
www.elsee.care,/praticiens/dieteticien-ne--giulia-valenza,false,1,1,1,1,5410834627
www.elsee.care,/praticiens/dieteticien-ne--philippine-berry,false,1,1,1,1,5410834627
www.elsee.care,/praticiens/professeur-de-yoga-clarisse-ernoux,false,1,1,1,1,5410834627
www.elsee.care,/reset-password,false,1,1,1,1,5410834627
www.elsee.care,/praticiens/dieteticien-ne--charlotte-barbez,false,1,1,1,1,5410834627
www.elsee.care,/salles-de-sport/avenue-des-arenes,false,1,1,1,1,5410834627
app.elsee.care,/jaiunecartecadeau,false,1,1,1,1,5410834627
app.elsee.care,/signin-carte-cadeau,false,1,1,1,1,5410834627
www.elsee.care,/marques/pauser,false,1,1,1,1,5410834627
www.elsee.care,/marques/laborantin,false,1,1,1,1,5410834627
www.elsee.care,/salles-de-sport/avenue-du-docteur-arnold-netter,false,1,1,1,1,5410834627
www.elsee.care,/programme/studio-luna-yoga,false,1,1,1,1,5410834627
www.elsee.care,/marques/novoma,false,1,1,1,1,5410834627
