depuis_page_du_tunnel,vers_page_hors_motif,utilisateurs,occurrences
app.elsee.care/remboursements,app.elsee.care/envoyer-ma-facture,37,60
app.elsee.care/remboursements,app.elsee.care/demande,33,72
app.elsee.care/remboursements,app.elsee.care/reglages,30,61
app.elsee.care/remboursements,app.elsee.care/home,28,37
app.elsee.care/remboursements,app.elsee.care/historique-de-remboursements,16,18
app.elsee.care/remboursements,app.elsee.care/,13,16
www.elsee.care/obtenir-mon-offre,www.elsee.care/,8,9
www.elsee.care/obtenir-mon-offre,www.elsee.care/lannuaire-des-partenaires-elsee,4,4
app.elsee.care/mon-offre,www.elsee.care/lannuaire-des-partenaires-elsee,4,4
app.elsee.care/mon-panier,app.elsee.care/success,4,4
app.elsee.care/mon-offre,www.elsee.care/,2,2
app.elsee.care/mon-panier,app.elsee.care/login,2,2
www.elsee.care/offres-remboursement-elsee,www.elsee.care/avantages,2,2
www.elsee.care/bienvenue-chez-elsee,app.elsee.care/success,2,2
www.elsee.care/obtenir-mon-offre,www.elsee.care/reseau-elsee,2,2
www.elsee.care/obtenir-mon-offre,app.elsee.care/login,2,2
app.elsee.care/mon-panier,www.elsee.care/,2,2
www.elsee.care/obtenir-mon-offre,www.elsee.care/bien-etre,2,2
app.elsee.care/mon-panier,www.elsee.care/lannuaire-des-partenaires-elsee,2,2
www.elsee.care/remboursement-endometriose,app.elsee.care/reglages,1,1
www.elsee.care/obtenir-mon-offre,www.elsee.care/programme/jody,1,1
www.elsee.care/remboursement-endometriose,www.elsee.care/troubles-feminins,1,1
www.elsee.care/obtenir-mon-offre,www.elsee.care/devenir-therapeute-elsee,1,1
app.elsee.care/social_signup,www.elsee.care/avantages,1,2
app.elsee.care/social_signup,www.elsee.care/bien-etre,1,1
www.elsee.care/obtenir-mon-offre,www.elsee.care/avantages,1,1
app.elsee.care/mon-panier,www.elsee.care/obtenir-label,1,1
app.elsee.care/pricing/cartecadeau,www.elsee.care/avantages,1,1
app.elsee.care/mon-panier,www.elsee.care/longevite,1,1
app.elsee.care/offres,app.elsee.care/login,1,1
app.elsee.care/signup/en_savoir_plus_sur_vous,www.elsee.care/lannuaire-des-partenaires-elsee,1,1
app.elsee.care/mon-panier,app.elsee.care/,1,1
app.elsee.care/mon-offre,www.elsee.care/ressources/ce-que-vous-pouvez-vous-faire-rembourser-pour-mieux-vivre-avec-le-sopk,1,1
app.elsee.care/signup/bonus-abonnement,www.elsee.care/lannuaire-des-partenaires-elsee,1,1
app.elsee.care/remboursements,app.elsee.care/success,1,1
app.elsee.care/remboursements,www.elsee.care/,1,2
app.elsee.care/signup/network_complements,app.elsee.care/login,1,1
app.elsee.care/remboursements,app.elsee.care/login,1,1
app.elsee.care/signup/depenses_complements,www.elsee.care/lannuaire-des-partenaires-elsee,1,1
www.elsee.care/offres-remboursement-elsee,www.elsee.care/lannuaire-des-partenaires-elsee,1,1
