page,utilisateurs_sur_la_page,provenance_en_debut_de_session,utilisateurs_arrives_en_debut_de_session
app.elsee.care/signup/depenses_complements,204,(aucune provenance),1
app.elsee.care/signup,186,www.elsee.care,161
app.elsee.care/signup,186,(aucune provenance),2
app.elsee.care/signup/montant_complements,182,(aucune provenance),1
app.elsee.care/signup/network_complements,180,(aucune provenance),2
app.elsee.care/mon-offre,139,(aucune provenance),24
app.elsee.care/mon-offre,139,www.elsee.care,4
app.elsee.care/mon-offre,139,com.google.android.gm,3
app.elsee.care/mon-offre,139,helloelsee.outgrow.us,1
app.elsee.care/signup/sante_mentale_seances,112,(aucune provenance),1
app.elsee.care/remboursements,107,www.elsee.care,8
app.elsee.care/remboursements,107,(aucune provenance),6
app.elsee.care/remboursements,107,app.elsee.care,3
app.elsee.care/signup/soins_seances,107,(aucune provenance),1
app.elsee.care/signup/final_step,91,(aucune provenance),1
app.elsee.care/signup/final_step,91,app.elsee.care,1
www.elsee.care/offres-remboursement-elsee,69,instagram.com,40
www.elsee.care/offres-remboursement-elsee,69,m.facebook.com,10
www.elsee.care/offres-remboursement-elsee,69,facebook.com,8
www.elsee.care/offres-remboursement-elsee,69,l.facebook.com,4
www.elsee.care/offres-remboursement-elsee,69,(aucune provenance),2
www.elsee.care/offres-remboursement-elsee,69,www.facebook.com,1
app.elsee.care/signup/montant_sante_mentale,65,(aucune provenance),1
app.elsee.care/mon-panier,63,(aucune provenance),6
app.elsee.care/mon-panier,63,www.elsee.care,5
app.elsee.care/mon-panier,63,app.elsee.care,1
app.elsee.care/social_signup,52,www.elsee.care,14
app.elsee.care/social_signup,52,l.instagram.com,12
app.elsee.care/social_signup,52,(aucune provenance),12
app.elsee.care/social_signup,52,linktr.ee,3
app.elsee.care/social_signup,52,com.google.android.gm,2
www.elsee.care/obtenir-mon-offre,41,www.elsee.care,13
www.elsee.care/obtenir-mon-offre,41,(aucune provenance),5
app.elsee.care/offres,37,(aucune provenance),4
app.elsee.care/offres,37,www.google.com,1
app.elsee.care/offres,37,www.elsee.care,1
app.elsee.care/pricing/cartecadeau,13,(aucune provenance),1
www.elsee.care/bienvenue-chez-elsee,5,(aucune provenance),2
www.elsee.care/remboursement-endometriose,4,www.facebook.com,1
www.elsee.care/remboursement-endometriose,4,instagram.com,1
www.elsee.care/remboursement-endometriose,4,m.facebook.com,1
app.elsee.care/signup-corpo,3,app.elsee.care,1
app.elsee.care/signup-corpo,3,(aucune provenance),1
