event_name,page,provenance,parametres,utilisateurs,evenements
add_to_cart,app.elsee.care/mon-panier,app.elsee.care,batch_ordering_id batch_page_id engaged_session_event engagement_time_msec ga_session_id ga_session_number ignore_referrer page_location page_referrer page_title session_engaged,45,62
add_to_cart,app.elsee.care/mon-panier,app.elsee.care,batch_ordering_id batch_page_id engagement_time_msec ga_session_id ga_session_number ignore_referrer page_location page_referrer page_title session_engaged,8,8
add_to_cart,app.elsee.care/mon-panier,(aucune),batch_ordering_id batch_page_id engaged_session_event engagement_time_msec ga_session_id ga_session_number page_location page_title session_engaged,5,8
add_to_cart,app.elsee.care/mon-panier,www.elsee.care,batch_ordering_id batch_page_id engaged_session_event ga_session_id ga_session_number ignore_referrer page_location page_referrer page_title session_engaged,3,3
add_to_cart,app.elsee.care/mon-panier,www.elsee.care,batch_ordering_id batch_page_id engaged_session_event engagement_time_msec ga_session_id ga_session_number ignore_referrer page_location page_referrer page_title session_engaged,2,2
add_to_cart,app.elsee.care/mon-panier,(aucune),batch_ordering_id batch_page_id engaged_session_event ga_session_id ga_session_number page_location page_title session_engaged,2,2
add_to_cart,app.elsee.care/mon-panier,checkout.stripe.com,batch_ordering_id batch_page_id engaged_session_event engagement_time_msec ga_session_id ga_session_number page_location page_referrer page_title session_engaged,1,1
add_to_cart,app.elsee.care/mon-panier,app.elsee.care,batch_ordering_id batch_page_id debug_mode engaged_session_event engagement_time_msec ga_session_id ga_session_number ignore_referrer page_location page_referrer page_title session_engaged,1,1
add_to_cart,app.elsee.care/mon-panier,www.elsee.care,batch_ordering_id batch_page_id ga_session_id ga_session_number ignore_referrer page_location page_referrer page_title session_engaged,1,1
click_form,www.elsee.care/lannuaire-des-partenaires-elsee,www.elsee.care,batch_ordering_id batch_page_id button_text engagement_time_msec ga_session_id ga_session_number ignore_referrer linker_domains offer_button page_location page_referrer page_title session_engaged,4,4
click_form,www.elsee.care/avantages,www.elsee.care,batch_ordering_id batch_page_id button_text engagement_time_msec ga_session_id ga_session_number ignore_referrer linker_domains offer_button page_location page_referrer page_title session_engaged,4,5
click_form,www.elsee.care/,(aucune),batch_ordering_id batch_page_id button_text engaged_session_event engagement_time_msec ga_session_id ga_session_number linker_domains offer_button page_location page_title session_engaged,3,4
click_form,www.elsee.care/bien-etre,www.elsee.care,batch_ordering_id batch_page_id button_text engagement_time_msec ga_session_id ga_session_number ignore_referrer linker_domains offer_button page_location page_referrer page_title session_engaged,2,3
click_form,www.elsee.care/,www.google.com,batch_ordering_id batch_page_id button_text engaged_session_event engagement_time_msec ga_session_id ga_session_number linker_domains offer_button page_location page_referrer page_title session_engaged,2,3
click_form,www.elsee.care/menopause,www.elsee.care,batch_ordering_id batch_page_id button_text engaged_session_event engagement_time_msec ga_session_id ga_session_number ignore_referrer linker_domains offer_button page_location page_referrer page_title session_engaged,2,2
click_form,www.elsee.care/,www.google.com,batch_ordering_id batch_page_id button_text campaign engagement_time_msec ga_session_id ga_session_number linker_domains medium offer_button page_location page_referrer page_title session_engaged source term,2,2
click_form,www.elsee.care/,www.google.com,batch_ordering_id batch_page_id button_text campaign engaged_session_event engagement_time_msec ga_session_id ga_session_number linker_domains medium offer_button page_location page_referrer page_title session_engaged source term,1,1
click_form,www.elsee.care/programme/jody,(aucune),batch_ordering_id batch_page_id button_text engagement_time_msec ga_session_id ga_session_number linker_domains offer_button page_location page_title session_engaged,1,1
click_form,www.elsee.care/fertilite,www.elsee.care,batch_ordering_id batch_page_id button_text engagement_time_msec ga_session_id ga_session_number ignore_referrer linker_domains offer_button page_location page_referrer page_title session_engaged,1,1
click_form,www.elsee.care/reseau-elsee,www.elsee.care,batch_ordering_id batch_page_id button_text engagement_time_msec ga_session_id ga_session_number ignore_referrer linker_domains offer_button page_location page_referrer page_title session_engaged,1,1
click_form,www.elsee.care/bien-etre,(aucune),batch_ordering_id batch_page_id button_text campaign engagement_time_msec ga_session_id ga_session_number linker_domains offer_button page_location page_title session_engaged source,1,1
click_form,www.elsee.care/,www.google.com,batch_ordering_id batch_page_id button_text ga_session_id ga_session_number linker_domains offer_button page_location page_referrer page_title session_engaged,1,1
click_form,www.elsee.care/praticiens/praticien-ne-en-drainage-lymphatique-manuel-vanessa-arete,www.google.com,batch_ordering_id batch_page_id button_text engaged_session_event engagement_time_msec ga_session_id ga_session_number linker_domains offer_button page_location page_referrer page_title session_engaged,1,1
click_form,www.elsee.care/,(aucune),batch_ordering_id batch_page_id button_text engagement_time_msec ga_session_id ga_session_number linker_domains offer_button page_location page_title session_engaged,1,1
click_form,www.elsee.care/troubles-feminins,www.elsee.care,batch_ordering_id batch_page_id button_text engagement_time_msec ga_session_id ga_session_number ignore_referrer linker_domains offer_button page_location page_referrer page_title session_engaged,1,1
click_form,www.elsee.care/avantages,www.elsee.care,batch_ordering_id batch_page_id button_text engaged_session_event engagement_time_msec ga_session_id ga_session_number ignore_referrer linker_domains offer_button page_location page_referrer page_title session_engaged,1,2
click_form,www.elsee.care/,www.elsee.care,batch_ordering_id batch_page_id button_text engagement_time_msec ga_session_id ga_session_number ignore_referrer linker_domains offer_button page_location page_referrer page_title session_engaged,1,1
click_form,www.elsee.care/ressources/ce-que-vous-pouvez-vous-faire-rembourser-pour-mieux-vivre-avec-le-sopk,www.elsee.care,batch_ordering_id batch_page_id button_text engaged_session_event engagement_time_msec ga_session_id ga_session_number ignore_referrer linker_domains offer_button page_location page_referrer page_title session_engaged,1,1
click_form,www.elsee.care/troubles-feminins,www.elsee.care,batch_ordering_id batch_page_id button_text engaged_session_event engagement_time_msec ga_session_id ga_session_number ignore_referrer linker_domains offer_button page_location page_referrer page_title session_engaged,1,1
click_form,www.elsee.care/annuaire-du-sport/endosport,l.instagram.com,batch_ordering_id batch_page_id button_text campaign content engagement_time_msec ga_session_id ga_session_number linker_domains medium offer_button page_location page_referrer page_title session_engaged source,1,1
click_form,www.elsee.care/menopause,www.elsee.care,batch_ordering_id batch_page_id button_text engagement_time_msec ga_session_id ga_session_number ignore_referrer linker_domains offer_button page_location page_referrer page_title session_engaged,1,1
click_form,www.elsee.care/lemag/les-bienfaits-de-loeuf-de-yoni-pour-la-menopause,www.google.com,batch_ordering_id batch_page_id button_text engaged_session_event engagement_time_msec ga_session_id ga_session_number linker_domains offer_button page_location page_referrer page_title session_engaged,1,1
click_form,www.elsee.care/troubles-feminins,instagram.com,batch_ordering_id batch_page_id button_text campaign campaign_id content engagement_time_msec ga_session_id ga_session_number linker_domains medium offer_button page_location page_referrer page_title session_engaged source term,1,1
form_start,www.elsee.care/lannuaire-des-partenaires-elsee,www.elsee.care,batch_ordering_id batch_page_id engaged_session_event engagement_time_msec first_field_position first_field_type form_destination form_length ga_session_id ga_session_number ignore_referrer linker_domains page_location page_referrer page_title session_engaged,20,32
form_start,www.elsee.care/obtenir-mon-offre,www.elsee.care,batch_ordering_id batch_page_id engagement_time_msec first_field_id first_field_name first_field_position first_field_type form_destination form_id form_length form_name ga_session_id ga_session_number ignore_referrer linker_domains page_location page_referrer page_title session_engaged,14,14
form_start,app.elsee.care/signup/bonus-abonnement,app.elsee.care,batch_ordering_id batch_page_id engaged_session_event engagement_time_msec first_field_id first_field_name first_field_position first_field_type form_destination form_length ga_session_id ga_session_number ignore_referrer page_location page_referrer page_title session_engaged,14,14
form_start,app.elsee.care/signup/en_savoir_plus_sur_vous,app.elsee.care,batch_ordering_id batch_page_id engaged_session_event engagement_time_msec first_field_id first_field_name first_field_position first_field_type form_destination form_length ga_session_id ga_session_number ignore_referrer page_location page_referrer page_title session_engaged,13,13
form_start,www.elsee.care/offres-remboursement-elsee,instagram.com,batch_ordering_id batch_page_id campaign campaign_id content engagement_time_msec first_field_id first_field_name first_field_position first_field_type form_destination form_id form_length form_name ga_session_id ga_session_number linker_domains medium page_location page_referrer page_title session_engaged source term,12,12
form_start,www.elsee.care/obtenir-mon-offre,www.elsee.care,batch_ordering_id batch_page_id engaged_session_event engagement_time_msec first_field_id first_field_name first_field_position first_field_type form_destination form_id form_length form_name ga_session_id ga_session_number ignore_referrer linker_domains page_location page_referrer page_title session_engaged,6,8
form_start,www.elsee.care/offres-remboursement-elsee,m.facebook.com,batch_ordering_id batch_page_id campaign campaign_id content engagement_time_msec first_field_id first_field_name first_field_position first_field_type form_destination form_id form_length form_name ga_session_id ga_session_number linker_domains medium page_location page_referrer page_title session_engaged source term,4,4
form_start,www.elsee.care/devenir-therapeute-elsee,www.elsee.care,batch_ordering_id batch_page_id engagement_time_msec first_field_id first_field_name first_field_position first_field_type form_destination form_id form_length form_name ga_session_id ga_session_number ignore_referrer linker_domains page_location page_referrer page_title session_engaged,4,6
form_start,www.elsee.care/lannuaire-des-partenaires-elsee,www.elsee.care,batch_ordering_id batch_page_id engagement_time_msec first_field_position first_field_type form_destination form_length ga_session_id ga_session_number ignore_referrer linker_domains page_location page_referrer page_title session_engaged,4,4
form_start,www.elsee.care/reseau-elsee,www.elsee.care,batch_ordering_id batch_page_id engagement_time_msec first_field_position first_field_type form_destination form_length ga_session_id ga_session_number ignore_referrer linker_domains page_location page_referrer page_title session_engaged,3,3
form_start,www.elsee.care/reseau-elsee,www.elsee.care,batch_ordering_id batch_page_id engaged_session_event engagement_time_msec first_field_position first_field_type form_destination form_length ga_session_id ga_session_number ignore_referrer linker_domains page_location page_referrer page_title session_engaged,3,4
form_start,app.elsee.care/signup/bonus-abonnement,app.elsee.care,batch_ordering_id batch_page_id engagement_time_msec first_field_id first_field_name first_field_position first_field_type form_destination form_length ga_session_id ga_session_number ignore_referrer page_location page_referrer page_title session_engaged,2,2
form_start,app.elsee.care/signup/en_savoir_plus_sur_vous,app.elsee.care,batch_ordering_id batch_page_id debug_mode engaged_session_event engagement_time_msec first_field_id first_field_name first_field_position first_field_type form_destination form_length ga_session_id ga_session_number ignore_referrer page_location page_referrer page_title session_engaged,2,3
form_start,www.elsee.care/offres-remboursement-elsee,l.facebook.com,batch_ordering_id batch_page_id engaged_session_event engagement_time_msec first_field_id first_field_name first_field_position first_field_type form_destination form_id form_length form_name ga_session_id ga_session_number linker_domains page_location page_referrer page_title session_engaged,2,4
form_start,www.elsee.care/reset-password,(aucune),batch_ordering_id batch_page_id engagement_time_msec first_field_id first_field_position first_field_type form_destination form_id form_length ga_session_id ga_session_number linker_domains page_location page_title session_engaged,1,1
form_start,www.elsee.care/programme/jody,(aucune),batch_ordering_id batch_page_id engagement_time_msec first_field_id first_field_name first_field_position first_field_type form_destination form_id form_length form_name ga_session_id ga_session_number linker_domains page_location page_title session_engaged,1,1
form_start,www.elsee.care/offres-remboursement-elsee,m.facebook.com,batch_ordering_id batch_page_id engagement_time_msec first_field_id first_field_name first_field_position first_field_type form_destination form_id form_length form_name ga_session_id ga_session_number linker_domains page_location page_referrer page_title session_engaged,1,1
form_start,www.elsee.care/devenir-therapeute-elsee,(aucune),batch_ordering_id batch_page_id engagement_time_msec first_field_id first_field_name first_field_position first_field_type form_destination form_id form_length form_name ga_session_id ga_session_number linker_domains page_location page_title session_engaged,1,2
form_start,www.elsee.care/praticiens/psychogenealogiste-celine-basset,(aucune),batch_ordering_id batch_page_id engagement_time_msec first_field_id first_field_name first_field_position first_field_type form_destination form_id form_length form_name ga_session_id ga_session_number linker_domains page_location page_title session_engaged,1,1
form_start,www.elsee.care/offres-remboursement-elsee,m.facebook.com,batch_ordering_id batch_page_id first_field_id first_field_name first_field_position first_field_type form_destination form_id form_length form_name ga_session_id ga_session_number linker_domains page_location page_referrer page_title session_engaged,1,1
form_start,www.elsee.care/annuaire-du-sport/basic-fit,www.elsee.care,batch_ordering_id batch_page_id engagement_time_msec first_field_id first_field_name first_field_position first_field_type form_destination form_id form_length form_name ga_session_id ga_session_number ignore_referrer linker_domains page_location page_referrer page_title session_engaged,1,1
form_start,www.elsee.care/,www.elsee.care,batch_ordering_id batch_page_id engaged_session_event engagement_time_msec first_field_id first_field_name first_field_position first_field_type form_destination form_id form_length form_name ga_session_id ga_session_number ignore_referrer linker_domains page_location page_referrer page_title session_engaged,1,1
form_start,www.elsee.care/,(aucune),batch_ordering_id batch_page_id engaged_session_event engagement_time_msec first_field_position first_field_type form_destination form_length ga_session_id ga_session_number linker_domains page_location page_title session_engaged,1,1
form_start,www.elsee.care/,www.elsee.care,batch_ordering_id batch_page_id engaged_session_event engagement_time_msec first_field_position first_field_type form_destination form_length ga_session_id ga_session_number ignore_referrer linker_domains page_location page_referrer page_title session_engaged,1,1
form_start,www.elsee.care/obtenir-mon-offre,(aucune),batch_ordering_id batch_page_id engagement_time_msec first_field_id first_field_name first_field_position first_field_type form_destination form_id form_length form_name ga_session_id ga_session_number linker_domains page_location page_title session_engaged,1,1
form_start,www.elsee.care/marques/imane-harmonie,www.google.com,batch_ordering_id batch_page_id engaged_session_event engagement_time_msec first_field_id first_field_name first_field_position first_field_type form_destination form_id form_length form_name ga_session_id ga_session_number linker_domains page_location page_referrer page_title session_engaged,1,1
form_start,www.elsee.care/obtenir-mon-offre,(aucune),batch_ordering_id batch_page_id engaged_session_event engagement_time_msec first_field_id first_field_name first_field_position first_field_type form_destination form_id form_length form_name ga_session_id ga_session_number linker_domains page_location page_title session_engaged,1,1
form_start,www.elsee.care/offres-remboursement-elsee,(aucune),batch_ordering_id batch_page_id engaged_session_event engagement_time_msec first_field_id first_field_name first_field_position first_field_type form_destination form_id form_length form_name ga_session_id ga_session_number linker_domains page_location page_title session_engaged,1,2
form_start,elsee-v-0.webflow.io/devenir-therapeute-elsee,(aucune),batch_ordering_id batch_page_id engaged_session_event engagement_time_msec first_field_id first_field_name first_field_position first_field_type form_destination form_id form_length form_name ga_session_id ga_session_number linker_domains page_location page_title session_engaged,1,3
form_start,www.elsee.care/offres-remboursement-elsee,facebook.com,batch_ordering_id batch_page_id campaign campaign_id content engagement_time_msec first_field_id first_field_name first_field_position first_field_type form_destination form_id form_length form_name ga_session_id ga_session_number linker_domains medium page_location page_referrer page_title session_engaged source term,1,1
form_start,www.elsee.care/lannuaire-des-partenaires-elsee,(aucune),batch_ordering_id batch_page_id engaged_session_event engagement_time_msec first_field_position first_field_type form_destination form_length ga_session_id ga_session_number linker_domains page_location page_title session_engaged,1,1
form_start,app.elsee.care/signup/bonus-abonnement,app.elsee.care,batch_ordering_id batch_page_id debug_mode engaged_session_event engagement_time_msec first_field_id first_field_name first_field_position first_field_type form_destination form_length ga_session_id ga_session_number ignore_referrer page_location page_referrer page_title session_engaged,1,1
form_start,www.elsee.care/offres-remboursement-elsee,instagram.com,batch_ordering_id batch_page_id engagement_time_msec first_field_id first_field_name first_field_position first_field_type form_destination form_id form_length form_name ga_session_id ga_session_number linker_domains page_location page_referrer page_title session_engaged,1,1
form_start,www.elsee.care/offres-remboursement-elsee,instagram.com,batch_ordering_id batch_page_id engaged_session_event engagement_time_msec first_field_id first_field_name first_field_position first_field_type form_destination form_id form_length form_name ga_session_id ga_session_number linker_domains page_location page_referrer page_title session_engaged,1,1
form_start,www.elsee.care/offres-remboursement-elsee,linktr.ee,batch_ordering_id batch_page_id campaign engaged_session_event engagement_time_msec first_field_id first_field_name first_field_position first_field_type form_destination form_id form_length form_name ga_session_id ga_session_number linker_domains medium page_location page_referrer page_title session_engaged source,1,1
order_paid,www.elsee.care/bienvenue-chez-elsee,checkout.stripe.com,batch_ordering_id batch_page_id engaged_session_event ga_session_id ga_session_number linker_domains page_location page_referrer page_title session_engaged,2,2
order_paid,www.elsee.care/bienvenue-chez-elsee,(aucune),batch_ordering_id batch_page_id engagement_time_msec ga_session_id ga_session_number linker_domains page_location page_title session_engaged,2,2
order_paid,www.elsee.care/bienvenue-chez-elsee,(aucune),batch_ordering_id batch_page_id engaged_session_event engagement_time_msec ga_session_id ga_session_number linker_domains page_location page_title session_engaged,1,1
page_view,app.elsee.care/success,(aucune),batch_ordering_id batch_page_id engaged_session_event ga_session_id ga_session_number page_location page_title session_engaged,4,6
page_view,app.elsee.care/success,(aucune),batch_ordering_id batch_page_id engaged_session_event entrances ga_session_id ga_session_number page_location page_title session_engaged,3,3
page_view,app.elsee.care/success,www.elsee.care,batch_ordering_id batch_page_id engaged_session_event ga_session_id ga_session_number ignore_referrer page_location page_referrer page_title session_engaged,3,5
page_view,app.elsee.care/success,(aucune),batch_ordering_id batch_page_id engaged_session_event ga_session_id ga_session_number ignore_referrer page_location page_title session_engaged,3,5
page_view,www.elsee.care/bienvenue-chez-elsee,checkout.stripe.com,batch_ordering_id batch_page_id campaign engaged_session_event ga_session_id ga_session_number linker_domains medium page_location page_referrer page_title session_engaged source,2,2
page_view,www.elsee.care/bienvenue-chez-elsee,(aucune),batch_ordering_id batch_page_id entrances ga_session_id ga_session_number linker_domains page_location page_title session_engaged,2,2
page_view,www.elsee.care/bienvenue-chez-elsee,(aucune),batch_ordering_id batch_page_id engaged_session_event ga_session_id ga_session_number linker_domains page_location page_title session_engaged,1,1
page_view,app.elsee.care/success,www.elsee.care,batch_ordering_id batch_page_id ga_session_id ga_session_number ignore_referrer page_location page_referrer page_title session_engaged,1,1
page_view,app.elsee.care/success,(aucune),batch_ordering_id batch_page_id ga_session_id ga_session_number page_location page_title session_engaged,1,1
step_form,www.elsee.care/obtenir-mon-offre,www.elsee.care,batch_ordering_id batch_page_id engagement_time_msec form_derniere_page form_nb_pages form_page_entree form_type ga_session_id ga_session_number ignore_referrer linker_domains page_location page_referrer page_title session_engaged,14,51
step_form,www.elsee.care/obtenir-mon-offre,www.elsee.care,batch_ordering_id batch_page_id engaged_session_event engagement_time_msec form_derniere_page form_nb_pages form_page_entree form_type ga_session_id ga_session_number ignore_referrer linker_domains page_location page_referrer page_title session_engaged,12,27
step_form,www.elsee.care/obtenir-mon-offre,www.elsee.care,batch_ordering_id batch_page_id form_derniere_page form_nb_pages form_page_entree form_type ga_session_id ga_session_number ignore_referrer linker_domains page_location page_referrer page_title session_engaged,11,12
step_form,www.elsee.care/obtenir-mon-offre,(aucune),batch_ordering_id batch_page_id engaged_session_event engagement_time_msec form_derniere_page form_nb_pages form_page_entree form_type ga_session_id ga_session_number linker_domains page_location page_title session_engaged,5,7
step_form,www.elsee.care/obtenir-mon-offre,www.elsee.care,batch_ordering_id batch_page_id engaged_session_event form_derniere_page form_nb_pages form_page_entree form_type ga_session_id ga_session_number ignore_referrer linker_domains page_location page_referrer page_title session_engaged,4,5
step_form,www.elsee.care/obtenir-mon-offre,(aucune),batch_ordering_id batch_page_id engagement_time_msec form_derniere_page form_nb_pages form_page_entree form_type ga_session_id ga_session_number linker_domains page_location page_title session_engaged,1,3
step_form,www.elsee.care/obtenir-mon-offre,(aucune),batch_ordering_id batch_page_id form_derniere_page form_nb_pages form_page_entree form_type ga_session_id ga_session_number linker_domains page_location page_title session_engaged,1,1
